111CA,Farms
113FF,"Forestry, fishing, and related activities"
211,Oil and gas extraction
212,"Mining, except oil and gas"
213,Support activities for mining
22,Utilities
23,Construction
311FT,Food and beverage and tobacco products
313TT,Textile mills and textile product mills
315AL,Apparel and leather and allied products
321,Wood products
322,Paper products
323,Printing and related support activities
324,Petroleum and coal products
325,Chemical products
326,Plastics and rubber products
327,Nonmetallic mineral products
331,Primary metals
332,Fabricated metal products
333,Machinery
334,Computer and electronic products
335,"Electrical equipment, appliances, and components"
3361MV,"Motor vehicles, bodies and trailers, and parts"
3364OT,Other transportation equipment
337,Furniture and related products
339,Miscellaneous manufacturing
42,Wholesale trade
44RT,Retail trade
481,Air transportation
482,Rail transportation
483,Water transportation
484,Truck transportation
485,Transit and ground passenger transportation
486,Pipeline transportation
487OS,Other transportation and support activities
493,Warehousing and storage
511,Publishing industries (includes software)
512,Motion picture and sound recording industries
513,Broadcasting and telecommunications
514,Information and data processing services
521CI,"Federal Reserve banks, credit intermediation, and related activities"
523,"Securities, commodity contracts, and investments"
524,Insurance carriers and related activities
525,"Funds, trusts, and other financial vehicles"
531,Real estate
532RL,Rental and leasing services and lessors of intangible assets
5411,Legal services
5412OP,"Miscellaneous professional, scientific, and technical services"
5415,Computer systems design and related services
55,Management of companies and enterprises
561,Administrative and support services
562,Waste management and remediation services
61,Educational services
621,Ambulatory health care services
622HO,Hospitals and nursing and residential care facilities
624,Social assistance
711AS,"Performing arts, spectator sports, museums, and related activities"
713,"Amusements, gambling, and recreation industries"
721,Accommodation
722,Food services and drinking places
81,"Other services, except government"
F010,Personal consumption expenditures
F020,Private fixed investment
F030,Change in private inventories
F040,Exports of goods and services
F050,Imports of goods and services
F06C,National defense: Consumption expenditures
F06I,National defense: Gross investment
F07C,Nondefense: Consumption expenditures
F07I,Nondefense: Gross investment
F08C,"State and local government consumption expenditures, education"
F08I,"State and local government gross investment, education"
F09C,"State and local government consumption expenditures, other"
F09I,"State and local government gross investment, other"
GDP,Total Final Uses (GDP)
GDPNS,Sum of Final Uses (GDP) Not Selected
GDPS,Sum of Final Uses (GDP) Selected
GFE,Federal government enterprises
GFG,Federal general government
GSLE,State and local government enterprises
GSLG,State and local general government
INS,Intermediate Not Selected
IS,Sum of Intermediate Selected
Other,Noncomparable imports and rest-of-the-world adjustment
TCO,Total Commodity Output
TI,Total Intermediate
TIO,Total Industry Output
TVA,Total Value Added
Used,"Scrap, used and secondhand goods"
V001,Compensation of employees
V002,"Taxes on production and imports, less subsidies"
V003,Gross operating surplus
VANS,Sum of Value Added Not Selected
VAS,Sum of Value Added Selected
